{
  "loss": [
    0.10794609040021896,
    0.06755097955465317,
    0.05959825590252876,
    0.054360996931791306,
    0.052319880574941635,
    0.05215083062648773,
    0.05215566232800484,
    0.052124056965112686,
    0.05213781073689461,
    0.05214095860719681,
    0.052139535546302795,
    0.05213804543018341,
    0.05215580761432648,
    0.052091408520936966,
    0.052145134657621384,
    0.0521286241710186,
    0.052131183445453644,
    0.05212713032960892,
    0.0521201565861702,
    0.05213825777173042,
    0.05209709703922272,
    0.05210360512137413,
    0.05209585279226303,
    0.05209917202591896,
    0.05211898311972618,
    0.052081409841775894,
    0.052127864211797714,
    0.05210746079683304,
    0.05209600180387497,
    0.052116647362709045,
    0.05210815742611885,
    0.05209482088685036,
    0.05212007090449333,
    0.052092295140028,
    0.05207880586385727,
    0.05213051661849022,
    0.0521264374256134,
    0.05207100138068199,
    0.052115753293037415,
    0.0520763173699379,
    0.05207431688904762,
    0.05209524929523468,
    0.05208929255604744,
    0.052081383764743805,
    0.052098702639341354,
    0.05207711458206177,
    0.052067454904317856,
    0.05207590013742447,
    0.05210151895880699,
    0.052116308361291885
  ],
  "mae": [
    0.19471053779125214,
    0.16635116934776306,
    0.15502288937568665,
    0.14717258512973785,
    0.14372597634792328,
    0.143611878156662,
    0.1436406373977661,
    0.14361420273780823,
    0.1436178833246231,
    0.14367282390594482,
    0.1436995565891266,
    0.14369668066501617,
    0.14370574057102203,
    0.14364895224571228,
    0.1437348574399948,
    0.14370904862880707,
    0.14368881285190582,
    0.14370538294315338,
    0.14367642998695374,
    0.14372320473194122,
    0.14367757737636566,
    0.14368756115436554,
    0.14368008077144623,
    0.14371997117996216,
    0.1437302678823471,
    0.14367836713790894,
    0.14376811683177948,
    0.14372673630714417,
    0.14370061457157135,
    0.14375250041484833,
    0.14373891055583954,
    0.14374399185180664,
    0.14378322660923004,
    0.14372618496418,
    0.14370958507061005,
    0.14380568265914917,
    0.14374172687530518,
    0.1437215358018875,
    0.14377877116203308,
    0.14371313154697418,
    0.14372697472572327,
    0.14374719560146332,
    0.14374400675296783,
    0.1437508463859558,
    0.1437588781118393,
    0.14374150335788727,
    0.14372576773166656,
    0.14374077320098877,
    0.14372363686561584,
    0.1438148319721222
  ],
  "val_loss": [
    0.07531380653381348,
    0.06277383863925934,
    0.05617915093898773,
    0.05484044924378395,
    0.054196491837501526,
    0.0541558600962162,
    0.05414464697241783,
    0.05414073169231415,
    0.054140836000442505,
    0.05414784327149391,
    0.05415300279855728,
    0.054161231964826584,
    0.05416717380285263,
    0.05417168512940407,
    0.05417985841631889,
    0.05418413504958153,
    0.054189980030059814,
    0.05419600382447243,
    0.05419834703207016,
    0.054201602935791016,
    0.05420204624533653,
    0.05420956015586853,
    0.054208505898714066,
    0.0542108453810215,
    0.054217346012592316,
    0.0542193204164505,
    0.054221004247665405,
    0.054223574697971344,
    0.0542268231511116,
    0.054229866713285446,
    0.054233118891716,
    0.05423549935221672,
    0.05423394590616226,
    0.05423889309167862,
    0.054233841598033905,
    0.05423847585916519,
    0.05424541234970093,
    0.05424584448337555,
    0.05424793064594269,
    0.05424755439162254,
    0.054248057305812836,
    0.05425066873431206,
    0.05425095930695534,
    0.05424973741173744,
    0.05425044894218445,
    0.054252903908491135,
    0.05425811931490898,
    0.05425886809825897,
    0.0542549230158329,
    0.0542587973177433
  ],
  "val_mae": [
    0.1731775999069214,
    0.15510252118110657,
    0.14403820037841797,
    0.1417166143655777,
    0.13987329602241516,
    0.13979022204875946,
    0.1397785246372223,
    0.13978755474090576,
    0.13980479538440704,
    0.1398298293352127,
    0.13985124230384827,
    0.13987895846366882,
    0.139897421002388,
    0.13991625607013702,
    0.13994179666042328,
    0.1399563103914261,
    0.13997675478458405,
    0.13999724388122559,
    0.14000564813613892,
    0.14001816511154175,
    0.1400267332792282,
    0.14005029201507568,
    0.1400497555732727,
    0.1400567591190338,
    0.14007903635501862,
    0.1400853991508484,
    0.14009161293506622,
    0.14010007679462433,
    0.14010752737522125,
    0.14011846482753754,
    0.14012768864631653,
    0.14013563096523285,
    0.14013417065143585,
    0.14014720916748047,
    0.14013653993606567,
    0.14014895260334015,
    0.1401679813861847,
    0.14016881585121155,
    0.1401754468679428,
    0.14017890393733978,
    0.1401827037334442,
    0.14018934965133667,
    0.14019085466861725,
    0.14018768072128296,
    0.14019174873828888,
    0.14019638299942017,
    0.1402120143175125,
    0.14021293818950653,
    0.14020176231861115,
    0.1402120143175125
  ]
}