{"loss": [1.0061222314834595, 0.9033918976783752, 0.8556915521621704, 0.8387230038642883, 0.8191481232643127, 0.8175481557846069, 0.8146878480911255, 0.8040133118629456, 0.8030906319618225, 0.7982072830200195, 0.7962675094604492, 0.7954426407814026, 0.7871575951576233, 0.7912476658821106, 0.7889401316642761, 0.784400224685669, 0.7786532640457153, 0.7920397520065308, 0.7841526865959167, 0.7856056690216064, 0.723854660987854, 0.699364423751831, 0.6850336790084839, 0.6874132752418518, 0.6761394739151001, 0.6775177717208862, 0.6797000169754028, 0.6308252215385437, 0.6226447820663452, 0.6156258583068848, 0.6196027398109436, 0.6104816794395447, 0.6003071069717407, 0.597625195980072, 0.5958259701728821, 0.5910032987594604, 0.590158224105835, 0.5921381711959839, 0.5850552916526794, 0.562620997428894, 0.5662105679512024, 0.5548537969589233, 0.551081120967865, 0.5440662503242493], "val_loss": [0.9471993446350098, 0.9121041297912598, 0.8655652403831482, 0.8812472820281982, 0.8659763336181641, 0.847844660282135, 0.8373021483421326, 0.8283547759056091, 0.8725850582122803, 0.8411225080490112, 0.8099088668823242, 0.7908437848091125, 0.8386772274971008, 0.8225569725036621, 0.7652813792228699, 0.836618185043335, 0.8285553455352783, 0.8527458906173706, 0.7902733087539673, 0.8090612292289734, 0.788377046585083, 0.7495372891426086, 0.7697554230690002, 0.8014466166496277, 0.7840631008148193, 0.7983295321464539, 0.7889070510864258, 0.7367412447929382, 0.7072543501853943, 0.7389041185379028, 0.7263502478599548, 0.7272200584411621, 0.7005260586738586, 0.6760175824165344, 0.7363555431365967, 0.732668936252594, 0.7128125429153442, 0.7169766426086426, 0.7276436686515808, 0.6844137907028198, 0.6982436180114746, 0.7000826597213745, 0.7214208841323853, 0.68293696641922], "learning_rate": [0.0010000000474974513, 0.0010000000474974513, 0.0010000000474974513, 0.0010000000474974513, 0.0010000000474974513, 0.0010000000474974513, 0.0010000000474974513, 0.0010000000474974513, 0.0010000000474974513, 0.0010000000474974513, 0.0010000000474974513, 0.0010000000474974513, 0.0010000000474974513, 0.0010000000474974513, 0.0010000000474974513, 0.0010000000474974513, 0.0010000000474974513, 0.0010000000474974513, 0.0010000000474974513, 0.0010000000474974513, 0.0005000000237487257, 0.0005000000237487257, 0.0005000000237487257, 0.0005000000237487257, 0.0005000000237487257, 0.0005000000237487257, 0.0005000000237487257, 0.0002500000118743628, 0.0002500000118743628, 0.0002500000118743628, 0.0002500000118743628, 0.0002500000118743628, 0.0002500000118743628, 0.0002500000118743628, 0.0002500000118743628, 0.0002500000118743628, 0.0002500000118743628, 0.0002500000118743628, 0.0002500000118743628, 0.0001250000059371814, 0.0001250000059371814, 0.0001250000059371814, 0.0001250000059371814, 0.0001250000059371814]}