{
  "loss": [
    0.1255267709493637,
    0.08915354311466217,
    0.08243318647146225,
    0.07720280438661575,
    0.07297725975513458,
    0.07011410593986511,
    0.06855212897062302,
    0.06810290366411209,
    0.06805749982595444,
    0.06807337701320648,
    0.06809014827013016,
    0.06812438368797302,
    0.06811469793319702,
    0.06809055060148239,
    0.06812445819377899,
    0.06804629415273666,
    0.06807631254196167,
    0.06811730563640594,
    0.06809508800506592,
    0.06805898249149323,
    0.06805617362260818,
    0.06810369342565536,
    0.06808175891637802,
    0.06808067113161087,
    0.06811985373497009,
    0.06803587079048157,
    0.06808686256408691,
    0.06807488948106766,
    0.06809349358081818,
    0.06812728196382523,
    0.0680818036198616,
    0.06809906661510468,
    0.06812670826911926,
    0.06807433813810349,
    0.06807469576597214,
    0.06806828081607819,
    0.06802693754434586,
    0.06802980601787567,
    0.06810330599546432,
    0.06808920949697495
  ],
  "mae": [
    0.2222282588481903,
    0.1993415504693985,
    0.18980476260185242,
    0.18181322515010834,
    0.17550070583820343,
    0.17119066417217255,
    0.16875281929969788,
    0.16826660931110382,
    0.1681322604417801,
    0.1682179719209671,
    0.16819845139980316,
    0.16823336482048035,
    0.1682187020778656,
    0.16822920739650726,
    0.1682908535003662,
    0.16816557943820953,
    0.16823098063468933,
    0.1682339459657669,
    0.16823101043701172,
    0.1681671142578125,
    0.16816078126430511,
    0.16825449466705322,
    0.1681942492723465,
    0.16818733513355255,
    0.16825540363788605,
    0.16812990605831146,
    0.16821938753128052,
    0.16821449995040894,
    0.16823215782642365,
    0.16825081408023834,
    0.1681988686323166,
    0.1682170182466507,
    0.16821862757205963,
    0.16820402443408966,
    0.168178990483284,
    0.168168842792511,
    0.168152317404747,
    0.16816818714141846,
    0.16825918853282928,
    0.1682262122631073
  ],
  "val_loss": [
    0.09153681993484497,
    0.0794118344783783,
    0.07413667440414429,
    0.0715293362736702,
    0.0688801109790802,
    0.06730299443006516,
    0.06662871688604355,
    0.06687898188829422,
    0.0668843537569046,
    0.06685668230056763,
    0.06685085594654083,
    0.06685543060302734,
    0.06683732569217682,
    0.06682532280683517,
    0.06682034581899643,
    0.06681227684020996,
    0.06680405884981155,
    0.06680765002965927,
    0.06679041683673859,
    0.0667886883020401,
    0.06677570194005966,
    0.06677010655403137,
    0.06676088273525238,
    0.06676854193210602,
    0.06675951182842255,
    0.06675170361995697,
    0.0667644664645195,
    0.06674943119287491,
    0.06674965471029282,
    0.06673548370599747,
    0.06673594564199448,
    0.0667278915643692,
    0.06673116981983185,
    0.06674204021692276,
    0.06673838198184967,
    0.06672380119562149,
    0.06672659516334534,
    0.06673331558704376,
    0.06672972440719604,
    0.0667223334312439
  ],
  "val_mae": [
    0.19611139595508575,
    0.1787608116865158,
    0.17090623080730438,
    0.16878318786621094,
    0.1625933051109314,
    0.16039548814296722,
    0.15903165936470032,
    0.15954844653606415,
    0.15953728556632996,
    0.15947094559669495,
    0.15946269035339355,
    0.15947116911411285,
    0.1594255119562149,
    0.15940779447555542,
    0.15939293801784515,
    0.1593732386827469,
    0.15935423970222473,
    0.15937818586826324,
    0.15932723879814148,
    0.15931762754917145,
    0.15929581224918365,
    0.15926140546798706,
    0.15924154222011566,
    0.15926870703697205,
    0.15925030410289764,
    0.15921421349048615,
    0.15925945341587067,
    0.15921281278133392,
    0.15921886265277863,
    0.1591850221157074,
    0.1591947078704834,
    0.15914154052734375,
    0.15916495025157928,
    0.15918181836605072,
    0.15918004512786865,
    0.15914034843444824,
    0.15916043519973755,
    0.15915612876415253,
    0.15915890038013458,
    0.15912823379039764
  ]
}