{"loss": [0.8764191269874573, 0.810509979724884, 0.8026975989341736, 0.7853688597679138, 0.7742452025413513, 0.7729915380477905, 0.7775042653083801, 0.7722204923629761, 0.7721073627471924, 0.7310987114906311, 0.7217522263526917, 0.7157455682754517, 0.7153487801551819, 0.7170050144195557, 0.7131878733634949, 0.7160515189170837, 0.7145463824272156, 0.6890514492988586, 0.6796929240226746, 0.6777022480964661, 0.6775471568107605, 0.6790412664413452], "val_loss": [0.8368908762931824, 0.8015785813331604, 0.7821874022483826, 0.7618361115455627, 0.7773691415786743, 0.7768139243125916, 0.7985782027244568, 0.8011044859886169, 0.8241125345230103, 0.7435685396194458, 0.7909060120582581, 0.7344313263893127, 0.8226534128189087, 0.7743209004402161, 0.7672587633132935, 0.7780207991600037, 0.8017458319664001, 0.7358626127243042, 0.7649757266044617, 0.7349412441253662, 0.7429876327514648, 0.7916433811187744], "learning_rate": [0.0010000000474974513, 0.0010000000474974513, 0.0010000000474974513, 0.0010000000474974513, 0.0010000000474974513, 0.0010000000474974513, 0.0010000000474974513, 0.0010000000474974513, 0.0010000000474974513, 0.0005000000237487257, 0.0005000000237487257, 0.0005000000237487257, 0.0005000000237487257, 0.0005000000237487257, 0.0005000000237487257, 0.0005000000237487257, 0.0005000000237487257, 0.0002500000118743628, 0.0002500000118743628, 0.0002500000118743628, 0.0002500000118743628, 0.0002500000118743628]}