{"loss": [0.8292259573936462, 0.6710617542266846, 0.6373194456100464, 0.6238114237785339, 0.6118093132972717, 0.603853702545166, 0.5945138335227966, 0.5898624658584595, 0.5818379521369934, 0.5349268317222595, 0.5229154825210571, 0.5227459669113159, 0.5163063406944275, 0.5131262540817261, 0.5089403986930847, 0.5074812173843384, 0.5050053596496582, 0.5028245449066162, 0.46882760524749756, 0.46071118116378784, 0.45481568574905396, 0.45272040367126465, 0.4500904679298401, 0.4493943154811859, 0.44585469365119934, 0.44490137696266174, 0.4435112178325653, 0.4407425820827484, 0.43997472524642944, 0.41803640127182007, 0.4099728763103485, 0.40733659267425537, 0.4039534032344818, 0.40378040075302124], "val_loss": [0.6672148108482361, 0.6127512454986572, 0.5972198247909546, 0.5922291278839111, 0.6088103652000427, 0.6032169461250305, 0.5971705913543701, 0.6229519844055176, 0.5946560502052307, 0.5763996839523315, 0.5713430047035217, 0.5872465968132019, 0.5646691918373108, 0.5793201327323914, 0.5856715440750122, 0.5839710831642151, 0.5675845742225647, 0.5840543508529663, 0.5586011409759521, 0.563267171382904, 0.5684359073638916, 0.5705744028091431, 0.5689400434494019, 0.5555694103240967, 0.556912899017334, 0.5627966523170471, 0.5603818297386169, 0.5717349052429199, 0.5839544534683228, 0.5697019100189209, 0.5649870038032532, 0.5682620406150818, 0.5657922625541687, 0.5659613013267517], "learning_rate": [0.0010000000474974513, 0.0010000000474974513, 0.0010000000474974513, 0.0010000000474974513, 0.0010000000474974513, 0.0010000000474974513, 0.0010000000474974513, 0.0010000000474974513, 0.0010000000474974513, 0.0005000000237487257, 0.0005000000237487257, 0.0005000000237487257, 0.0005000000237487257, 0.0005000000237487257, 0.0005000000237487257, 0.0005000000237487257, 0.0005000000237487257, 0.0005000000237487257, 0.0002500000118743628, 0.0002500000118743628, 0.0002500000118743628, 0.0002500000118743628, 0.0002500000118743628, 0.0002500000118743628, 0.0002500000118743628, 0.0002500000118743628, 0.0002500000118743628, 0.0002500000118743628, 0.0002500000118743628, 0.0001250000059371814, 0.0001250000059371814, 0.0001250000059371814, 0.0001250000059371814, 0.0001250000059371814]}