{
  "loss": [
    0.9991220831871033,
    0.9224070906639099,
    0.8351997137069702,
    0.7573657035827637,
    0.7058788537979126,
    0.6563580632209778,
    0.6247804164886475,
    0.6119588017463684,
    0.6034026741981506,
    0.5613614916801453,
    0.5519004464149475,
    0.5278942584991455,
    0.515463650226593,
    0.5005998015403748,
    0.47803497314453125,
    0.46688514947891235,
    0.4522247910499573,
    0.45121270418167114,
    0.4453361928462982,
    0.44671738147735596,
    0.43946295976638794,
    0.4411962032318115,
    0.4229600727558136,
    0.35600754618644714,
    0.3338862359523773,
    0.3421800434589386,
    0.3400332033634186,
    0.3299153745174408,
    0.3236292004585266,
    0.32139861583709717,
    0.32578495144844055,
    0.31969088315963745,
    0.2706144154071808,
    0.2674235999584198,
    0.24997936189174652,
    0.2560828626155853,
    0.24091535806655884
  ],
  "val_loss": [
    0.875780463218689,
    0.8602797985076904,
    0.8204006552696228,
    0.7528095245361328,
    0.6918814778327942,
    0.6575648188591003,
    0.6797552704811096,
    0.6172293424606323,
    0.5765702128410339,
    0.6188528537750244,
    0.5988262295722961,
    0.585480809211731,
    0.5903304219245911,
    0.5592929720878601,
    0.5574595928192139,
    0.5679025053977966,
    0.5567212104797363,
    0.5316122174263,
    0.5760467648506165,
    0.5606299638748169,
    0.5685843229293823,
    0.5345064997673035,
    0.5375816226005554,
    0.4949623644351959,
    0.5341539978981018,
    0.5329579710960388,
    0.46865877509117126,
    0.529606282711029,
    0.48813992738723755,
    0.4968002140522003,
    0.5031177401542664,
    0.5170699954032898,
    0.4792496860027313,
    0.5119321942329407,
    0.510697603225708,
    0.5264267325401306,
    0.5286436080932617
  ],
  "learning_rate": [
    0.0010000000474974513,
    0.0010000000474974513,
    0.0010000000474974513,
    0.0010000000474974513,
    0.0010000000474974513,
    0.0010000000474974513,
    0.0010000000474974513,
    0.0010000000474974513,
    0.0010000000474974513,
    0.0010000000474974513,
    0.0010000000474974513,
    0.0010000000474974513,
    0.0010000000474974513,
    0.0010000000474974513,
    0.0010000000474974513,
    0.0010000000474974513,
    0.0010000000474974513,
    0.0010000000474974513,
    0.0010000000474974513,
    0.0010000000474974513,
    0.0010000000474974513,
    0.0010000000474974513,
    0.0010000000474974513,
    0.0005000000237487257,
    0.0005000000237487257,
    0.0005000000237487257,
    0.0005000000237487257,
    0.0005000000237487257,
    0.0005000000237487257,
    0.0005000000237487257,
    0.0005000000237487257,
    0.0005000000237487257,
    0.0002500000118743628,
    0.0002500000118743628,
    0.0002500000118743628,
    0.0002500000118743628,
    0.0002500000118743628
  ]
}