{
  "loss": [
    0.18110281229019165,
    0.09369735419750214,
    0.08358785510063171,
    0.0778006762266159,
    0.07382442057132721,
    0.07089603692293167,
    0.06852854788303375,
    0.06667035818099976,
    0.06535076349973679,
    0.06367184966802597,
    0.056203991174697876,
    0.05472375079989433,
    0.05383806675672531,
    0.053092602640390396,
    0.05243900045752525,
    0.048575762659311295,
    0.04784843325614929,
    0.047324080020189285,
    0.04683257266879082,
    0.04643628001213074,
    0.044390663504600525,
    0.04404667392373085,
    0.043735817074775696,
    0.043450016528367996,
    0.04321582242846489,
    0.0422469824552536,
    0.04201032221317291,
    0.04179257154464722,
    0.041718728840351105,
    0.04151448234915733,
    0.04110889136791229,
    0.04097950458526611,
    0.04088302329182625,
    0.04079505428671837,
    0.040715765208005905,
    0.04050286486744881,
    0.040423501282930374,
    0.04036011919379234,
    0.040316786617040634,
    0.04029112309217453,
    0.04015950486063957,
    0.04007760435342789,
    0.04011773690581322,
    0.040053579956293106,
    0.040029507130384445,
    0.039995208382606506,
    0.03995610401034355,
    0.03990722447633743,
    0.039914797991514206,
    0.03988634794950485
  ],
  "val_loss": [
    0.11690767854452133,
    0.09038279950618744,
    0.08375080674886703,
    0.07664003223180771,
    0.07847549021244049,
    0.0762261301279068,
    0.07939097285270691,
    0.07877308130264282,
    0.08205576241016388,
    0.08037057518959045,
    0.07222682982683182,
    0.07448074221611023,
    0.0743696317076683,
    0.07523719221353531,
    0.07462046295404434,
    0.07081630825996399,
    0.07148288935422897,
    0.07146698236465454,
    0.07122857123613358,
    0.07173623889684677,
    0.06896833330392838,
    0.06909289956092834,
    0.06924988329410553,
    0.0691363736987114,
    0.06970138102769852,
    0.06710372865200043,
    0.06711714714765549,
    0.06716547161340714,
    0.06757889688014984,
    0.06752019375562668,
    0.06604322791099548,
    0.06629728525876999,
    0.06628040224313736,
    0.066111259162426,
    0.06613481044769287,
    0.065470851957798,
    0.06548913568258286,
    0.06561392545700073,
    0.06558727473020554,
    0.06562766432762146,
    0.06542278826236725,
    0.06533544510602951,
    0.06537998467683792,
    0.06544117629528046,
    0.06550700217485428,
    0.06532669067382812,
    0.06541889160871506,
    0.06548116356134415,
    0.06529784202575684,
    0.06540519744157791
  ],
  "lr": [
    0.0003000000142492354,
    0.0003000000142492354,
    0.0003000000142492354,
    0.0003000000142492354,
    0.0003000000142492354,
    0.0003000000142492354,
    0.0003000000142492354,
    0.0003000000142492354,
    0.0003000000142492354,
    0.0003000000142492354,
    0.0001500000071246177,
    0.0001500000071246177,
    0.0001500000071246177,
    0.0001500000071246177,
    0.0001500000071246177,
    7.500000356230885e-05,
    7.500000356230885e-05,
    7.500000356230885e-05,
    7.500000356230885e-05,
    7.500000356230885e-05,
    3.7500001781154424e-05,
    3.7500001781154424e-05,
    3.7500001781154424e-05,
    3.7500001781154424e-05,
    3.7500001781154424e-05,
    1.8750000890577212e-05,
    1.8750000890577212e-05,
    1.8750000890577212e-05,
    1.8750000890577212e-05,
    1.8750000890577212e-05,
    9.375000445288606e-06,
    9.375000445288606e-06,
    9.375000445288606e-06,
    9.375000445288606e-06,
    9.375000445288606e-06,
    4.687500222644303e-06,
    4.687500222644303e-06,
    4.687500222644303e-06,
    4.687500222644303e-06,
    4.687500222644303e-06,
    2.3437501113221515e-06,
    2.3437501113221515e-06,
    2.3437501113221515e-06,
    2.3437501113221515e-06,
    2.3437501113221515e-06,
    2.3437501113221515e-06,
    1.1718750556610757e-06,
    1.1718750556610757e-06,
    1.1718750556610757e-06,
    1.1718750556610757e-06
  ]
}