{
  "loss": [
    1.1536076068878174,
    0.9987010955810547,
    0.9948075413703918,
    0.9762496948242188,
    0.9689337015151978,
    0.9652511477470398,
    0.9645760655403137,
    0.934299111366272,
    0.9569956660270691,
    0.9537351727485657,
    0.9613232612609863,
    0.9275805354118347,
    0.9346161484718323,
    0.9651170969009399,
    0.9585344791412354,
    0.9114417433738708,
    0.922828197479248,
    0.9164262413978577,
    0.9047029614448547,
    0.907581627368927,
    0.9175139665603638,
    0.9269053339958191,
    0.8922544121742249,
    0.9108531475067139,
    0.9145821332931519,
    0.8916040062904358,
    0.8993739485740662,
    0.913250744342804,
    0.9097039699554443,
    0.8993712663650513,
    0.8779932856559753,
    0.8802889585494995,
    0.8639330863952637,
    0.8922073245048523,
    0.8799270987510681,
    0.8816877007484436,
    0.8765805959701538,
    0.86927729845047,
    0.8820267915725708,
    0.8664327263832092,
    0.8858813643455505,
    0.8807269930839539,
    0.887911319732666,
    0.8811983466148376,
    0.8778092861175537,
    0.8817949295043945,
    0.866303563117981,
    0.8825836777687073,
    0.8811573386192322,
    0.859978973865509
  ],
  "val_loss": [
    0.916271448135376,
    0.9148858189582825,
    0.902816116809845,
    0.9008767008781433,
    0.9134540557861328,
    0.9182626605033875,
    0.9083840250968933,
    0.893015444278717,
    0.8965746164321899,
    0.8866978883743286,
    0.8915106654167175,
    0.8925884366035461,
    0.9300004243850708,
    0.9043439626693726,
    0.8892516493797302,
    0.9011950492858887,
    0.8849229216575623,
    0.8942194581031799,
    0.8960373997688293,
    0.8759159445762634,
    0.8753172159194946,
    0.8797575235366821,
    0.8701996207237244,
    0.8661333322525024,
    0.8671625256538391,
    0.8917832374572754,
    0.8969478011131287,
    0.8839934468269348,
    0.8775206208229065,
    0.8593581914901733,
    0.8741347193717957,
    0.8574171662330627,
    0.8592993021011353,
    0.8794173002243042,
    0.8685550093650818,
    0.853558361530304,
    0.8685321807861328,
    0.879421591758728,
    0.857755184173584,
    0.9003815054893494,
    0.8530710339546204,
    0.8667753338813782,
    0.884307324886322,
    0.8804950714111328,
    0.8547510504722595,
    0.8483027219772339,
    0.8571601510047913,
    0.8480421304702759,
    0.8702673316001892,
    0.8687323331832886
  ],
  "learning_rate": [
    0.0010000000474974513,
    0.0010000000474974513,
    0.0010000000474974513,
    0.0010000000474974513,
    0.0010000000474974513,
    0.0010000000474974513,
    0.0010000000474974513,
    0.0010000000474974513,
    0.0010000000474974513,
    0.0010000000474974513,
    0.0010000000474974513,
    0.0010000000474974513,
    0.0010000000474974513,
    0.0010000000474974513,
    0.0010000000474974513,
    0.0005000000237487257,
    0.0005000000237487257,
    0.0005000000237487257,
    0.0005000000237487257,
    0.0005000000237487257,
    0.0005000000237487257,
    0.0005000000237487257,
    0.0005000000237487257,
    0.0005000000237487257,
    0.0005000000237487257,
    0.0005000000237487257,
    0.0005000000237487257,
    0.0005000000237487257,
    0.0005000000237487257,
    0.0002500000118743628,
    0.0002500000118743628,
    0.0002500000118743628,
    0.0002500000118743628,
    0.0002500000118743628,
    0.0002500000118743628,
    0.0002500000118743628,
    0.0002500000118743628,
    0.0002500000118743628,
    0.0002500000118743628,
    0.0002500000118743628,
    0.0002500000118743628,
    0.0002500000118743628,
    0.0002500000118743628,
    0.0002500000118743628,
    0.0002500000118743628,
    0.0002500000118743628,
    0.0002500000118743628,
    0.0002500000118743628,
    0.0002500000118743628,
    0.0002500000118743628
  ]
}