{"loss": [1.0151196718215942, 0.907842755317688, 0.8643395304679871, 0.8526221513748169, 0.825706958770752, 0.8262336254119873, 0.8169089555740356, 0.8159000277519226, 0.8092854022979736, 0.7988760471343994, 0.8042370080947876, 0.8019121885299683, 0.7891765236854553, 0.7937290668487549, 0.7342165112495422, 0.7152104377746582, 0.7010369300842285, 0.7000130414962769, 0.687692403793335, 0.6934230327606201, 0.684823751449585, 0.6837109923362732, 0.6786528825759888, 0.6738227605819702, 0.6759619116783142, 0.6230039596557617, 0.6083467602729797, 0.6081997156143188, 0.6034955382347107, 0.606256902217865, 0.5909032225608826, 0.5992296934127808, 0.5935988426208496, 0.5936061143875122, 0.5943658947944641, 0.5876945853233337, 0.5886965990066528, 0.5598464012145996, 0.556560218334198, 0.5476188063621521, 0.5472661256790161, 0.5395870804786682, 0.5429497957229614, 0.5406811833381653, 0.5327700972557068, 0.5320966243743896, 0.5271426439285278, 0.5190535187721252, 0.5135946273803711, 0.5090259909629822], "val_loss": [0.9152781963348389, 0.8749240636825562, 0.8464822769165039, 0.8642674088478088, 0.8735291361808777, 0.8252245783805847, 0.802251398563385, 0.8095548152923584, 0.7967933416366577, 0.8347190022468567, 0.8362563848495483, 0.848383367061615, 0.8009562492370605, 0.8158150315284729, 0.7604520916938782, 0.7604876160621643, 0.7797219753265381, 0.7476322650909424, 0.7463858723640442, 0.7399563193321228, 0.7574142217636108, 0.7861261963844299, 0.7565976977348328, 0.7616151571273804, 0.7509617209434509, 0.7467126846313477, 0.7332037687301636, 0.7335388660430908, 0.7132909297943115, 0.7362422943115234, 0.7375022768974304, 0.7016509771347046, 0.709582507610321, 0.7052655816078186, 0.7525739073753357, 0.7170380353927612, 0.7280115485191345, 0.6879516839981079, 0.7036429047584534, 0.698961079120636, 0.6721593737602234, 0.6929092407226562, 0.6941720247268677, 0.7108095288276672, 0.6986145973205566, 0.7007578611373901, 0.6882347464561462, 0.6887052059173584, 0.6985750794410706, 0.6884613037109375], "learning_rate": [0.0010000000474974513, 0.0010000000474974513, 0.0010000000474974513, 0.0010000000474974513, 0.0010000000474974513, 0.0010000000474974513, 0.0010000000474974513, 0.0010000000474974513, 0.0010000000474974513, 0.0010000000474974513, 0.0010000000474974513, 0.0010000000474974513, 0.0010000000474974513, 0.0010000000474974513, 0.0005000000237487257, 0.0005000000237487257, 0.0005000000237487257, 0.0005000000237487257, 0.0005000000237487257, 0.0005000000237487257, 0.0005000000237487257, 0.0005000000237487257, 0.0005000000237487257, 0.0005000000237487257, 0.0005000000237487257, 0.0002500000118743628, 0.0002500000118743628, 0.0002500000118743628, 0.0002500000118743628, 0.0002500000118743628, 0.0002500000118743628, 0.0002500000118743628, 0.0002500000118743628, 0.0002500000118743628, 0.0002500000118743628, 0.0002500000118743628, 0.0002500000118743628, 0.0001250000059371814, 0.0001250000059371814, 0.0001250000059371814, 0.0001250000059371814, 0.0001250000059371814, 0.0001250000059371814, 0.0001250000059371814, 0.0001250000059371814, 0.0001250000059371814, 6.25000029685907e-05, 6.25000029685907e-05, 6.25000029685907e-05, 6.25000029685907e-05]}