{
  "loss": [
    5.008357524871826,
    4.548189163208008,
    3.656254768371582,
    3.1379973888397217,
    2.9975335597991943,
    2.882286310195923,
    2.7222533226013184,
    2.599828004837036,
    2.490713119506836,
    2.3614022731781006,
    2.2528796195983887,
    2.17836856842041,
    2.0573792457580566,
    1.9659297466278076,
    1.8930305242538452,
    1.7926170825958252,
    1.7148702144622803,
    1.6307175159454346,
    1.5453475713729858,
    1.4703724384307861,
    1.400048017501831,
    1.334120512008667,
    1.2726168632507324,
    1.215334177017212,
    1.1562764644622803,
    1.1050753593444824,
    1.0425188541412354,
    0.9971973299980164,
    0.958824872970581,
    0.9023247957229614,
    0.8605369925498962,
    0.8316113948822021,
    0.7806832790374756,
    0.7443791031837463,
    0.7157536745071411,
    0.6772592067718506,
    0.6396440863609314,
    0.6064340472221375,
    0.5902066230773926,
    0.5747343301773071,
    0.543725311756134,
    0.5258135199546814,
    0.4941467046737671,
    0.4679202735424042,
    0.4537108242511749,
    0.42899757623672485,
    0.4110971987247467,
    0.39232340455055237,
    0.37248411774635315,
    0.35607001185417175
  ],
  "val_loss": [
    3.1114726066589355,
    3.0561718940734863,
    2.9547433853149414,
    2.874141216278076,
    2.781712293624878,
    2.666022777557373,
    2.5502188205718994,
    2.444443702697754,
    2.3430120944976807,
    2.2404885292053223,
    2.145003318786621,
    2.05216121673584,
    1.9673665761947632,
    1.8764833211898804,
    1.7875856161117554,
    1.7189388275146484,
    1.6378822326660156,
    1.563202977180481,
    1.4918334484100342,
    1.4224729537963867,
    1.3591033220291138,
    1.2968229055404663,
    1.2362977266311646,
    1.1824191808700562,
    1.1313623189926147,
    1.0769027471542358,
    1.030911922454834,
    0.9814253449440002,
    0.9358792304992676,
    0.8934664726257324,
    0.8535450100898743,
    0.8149464130401611,
    0.7790594696998596,
    0.7441439032554626,
    0.7110018730163574,
    0.6812329292297363,
    0.6492404937744141,
    0.6207854151725769,
    0.5927238464355469,
    0.570374071598053,
    0.5485005974769592,
    0.5246054530143738,
    0.5065193772315979,
    0.48436808586120605,
    0.46407395601272583,
    0.44365158677101135,
    0.42637398838996887,
    0.40846163034439087,
    0.3931449353694916,
    0.37902459502220154
  ],
  "lr": [
    0.0003000000142492354,
    0.0003000000142492354,
    0.0003000000142492354,
    0.0003000000142492354,
    0.0003000000142492354,
    0.0003000000142492354,
    0.0003000000142492354,
    0.0003000000142492354,
    0.0003000000142492354,
    0.0003000000142492354,
    0.0003000000142492354,
    0.0003000000142492354,
    0.0003000000142492354,
    0.0003000000142492354,
    0.0003000000142492354,
    0.0003000000142492354,
    0.0003000000142492354,
    0.0003000000142492354,
    0.0003000000142492354,
    0.0003000000142492354,
    0.0003000000142492354,
    0.0003000000142492354,
    0.0003000000142492354,
    0.0003000000142492354,
    0.0003000000142492354,
    0.0003000000142492354,
    0.0003000000142492354,
    0.0003000000142492354,
    0.0003000000142492354,
    0.0003000000142492354,
    0.0003000000142492354,
    0.0003000000142492354,
    0.0003000000142492354,
    0.0003000000142492354,
    0.0003000000142492354,
    0.0003000000142492354,
    0.0003000000142492354,
    0.0003000000142492354,
    0.0003000000142492354,
    0.0003000000142492354,
    0.0003000000142492354,
    0.0003000000142492354,
    0.0003000000142492354,
    0.0003000000142492354,
    0.0003000000142492354,
    0.0003000000142492354,
    0.0003000000142492354,
    0.0003000000142492354,
    0.0003000000142492354,
    0.0003000000142492354
  ]
}