{
  "loss": [
    539560.5,
    530852.4375,
    514715.15625,
    491638.40625,
    468572.71875,
    443518.40625,
    423277.46875,
    401806.6875,
    381932.25,
    366673.125,
    349484.78125,
    335449.25,
    321499.53125,
    306784.59375,
    295249.6875,
    281538.71875,
    272511.40625,
    262423.0625,
    253474.046875,
    244111.328125,
    236087.296875,
    229837.84375,
    221631.3125,
    216153.609375,
    207807.53125,
    203647.78125,
    196347.8125,
    192010.734375,
    187569.921875,
    183216.453125,
    179983.328125,
    175121.578125,
    171508.515625,
    167510.71875,
    164422.421875,
    162470.515625,
    159231.265625,
    156394.203125,
    153451.421875,
    150847.46875,
    147349.953125,
    145769.625,
    142200.265625,
    141737.515625,
    138651.0625,
    136708.4375,
    134836.390625,
    132060.796875,
    130044.6875,
    128835.6328125
  ],
  "val_loss": [
    504790.96875,
    492935.6875,
    485700.5625,
    466111.15625,
    449204.1875,
    438363.1875,
    427667.1875,
    421366.15625,
    412580.625,
    397472.625,
    392953.6875,
    387696.625,
    379709.6875,
    374587.15625,
    360894.40625,
    354948.65625,
    351920.8125,
    347731.84375,
    349144.9375,
    336445.4375,
    333870.125,
    331439.53125,
    323261.5,
    330793.125,
    320610.25,
    314948.03125,
    315170.15625,
    311266.21875,
    307048.5625,
    302977.3125,
    301590.34375,
    303064.6875,
    314214.65625,
    298209.28125,
    299041.78125,
    297059.8125,
    298665.25,
    292767.21875,
    292903.46875,
    289350.4375,
    292511.15625,
    292021.125,
    294359.625,
    296775.375,
    294447.96875,
    290342.375,
    294508.09375,
    289845.09375,
    300084.59375,
    291842.6875
  ]
}