{"loss": [0.8415703773498535, 0.6785035729408264, 0.6494566798210144, 0.6320270299911499, 0.6213416457176208, 0.6130580306053162, 0.6046663522720337, 0.5980081558227539, 0.5898401141166687, 0.5824385285377502, 0.5779489874839783, 0.573828935623169, 0.5676525831222534, 0.561913251876831, 0.5570237636566162, 0.5513167381286621, 0.5452662110328674, 0.48579171299934387, 0.4707629382610321, 0.4671926200389862, 0.462657630443573, 0.46248766779899597, 0.459300696849823, 0.45427560806274414, 0.4172041118144989, 0.4036582410335541, 0.39795058965682983, 0.39623722434043884, 0.3934484124183655, 0.3906574249267578, 0.38794103264808655, 0.38751286268234253, 0.3633192777633667, 0.3535756766796112, 0.3503451645374298], "val_loss": [0.6817499995231628, 0.6355020999908447, 0.6233755350112915, 0.6528032422065735, 0.6211254000663757, 0.6634031534194946, 0.6253838539123535, 0.6171931624412537, 0.6036505103111267, 0.6232522130012512, 0.6235463619232178, 0.6096411943435669, 0.6033516526222229, 0.6267675161361694, 0.6068986654281616, 0.6166223883628845, 0.6032902598381042, 0.576958954334259, 0.5630180239677429, 0.5592238306999207, 0.5692839622497559, 0.5623345971107483, 0.560488760471344, 0.5895869731903076, 0.5442686080932617, 0.5471303462982178, 0.5443174242973328, 0.5400882363319397, 0.5538617968559265, 0.5430927276611328, 0.5464141964912415, 0.5547077059745789, 0.5419235825538635, 0.5434471964836121, 0.5433095693588257], "learning_rate": [0.0005000000237487257, 0.0005000000237487257, 0.0005000000237487257, 0.0005000000237487257, 0.0005000000237487257, 0.0005000000237487257, 0.0005000000237487257, 0.0005000000237487257, 0.0005000000237487257, 0.0005000000237487257, 0.0005000000237487257, 0.0005000000237487257, 0.0005000000237487257, 0.0005000000237487257, 0.0005000000237487257, 0.0005000000237487257, 0.0005000000237487257, 0.0002500000118743628, 0.0002500000118743628, 0.0002500000118743628, 0.0002500000118743628, 0.0002500000118743628, 0.0002500000118743628, 0.0002500000118743628, 0.0001250000059371814, 0.0001250000059371814, 0.0001250000059371814, 0.0001250000059371814, 0.0001250000059371814, 0.0001250000059371814, 0.0001250000059371814, 0.0001250000059371814, 6.25000029685907e-05, 6.25000029685907e-05, 6.25000029685907e-05]}