{"loss": [0.842088520526886, 0.6589418053627014, 0.6255970001220703, 0.6007859110832214, 0.5788651704788208, 0.5637184977531433, 0.5491322875022888, 0.5367346405982971, 0.5235738754272461, 0.5146507024765015, 0.5024166107177734, 0.4916475713253021, 0.4847142994403839, 0.4787854850292206, 0.4004988670349121, 0.3848958909511566, 0.37753069400787354, 0.3719295263290405, 0.3670102059841156, 0.3636664152145386, 0.3598220944404602, 0.3547285795211792, 0.30984485149383545, 0.29827216267585754, 0.2941156029701233, 0.2901933789253235, 0.28674909472465515, 0.2848680913448334, 0.26197007298469543, 0.25409582257270813, 0.252338707447052], "val_loss": [0.7001962065696716, 0.7754558324813843, 0.6432386636734009, 0.6270450949668884, 0.6241273283958435, 0.5887050628662109, 0.6760947108268738, 0.6030302047729492, 0.6175124049186707, 0.5875471830368042, 0.6070229411125183, 0.6153222918510437, 0.638795018196106, 0.6011251211166382, 0.552527666091919, 0.5648931264877319, 0.5656992197036743, 0.5511777400970459, 0.5549975037574768, 0.560090184211731, 0.5679106116294861, 0.5714080333709717, 0.5549325942993164, 0.5428727865219116, 0.5536128282546997, 0.5572682619094849, 0.5744909644126892, 0.5712094902992249, 0.5494085550308228, 0.5548473596572876, 0.5556568503379822], "learning_rate": [0.0005000000237487257, 0.0005000000237487257, 0.0005000000237487257, 0.0005000000237487257, 0.0005000000237487257, 0.0005000000237487257, 0.0005000000237487257, 0.0005000000237487257, 0.0005000000237487257, 0.0005000000237487257, 0.0005000000237487257, 0.0005000000237487257, 0.0005000000237487257, 0.0005000000237487257, 0.0002500000118743628, 0.0002500000118743628, 0.0002500000118743628, 0.0002500000118743628, 0.0002500000118743628, 0.0002500000118743628, 0.0002500000118743628, 0.0002500000118743628, 0.0001250000059371814, 0.0001250000059371814, 0.0001250000059371814, 0.0001250000059371814, 0.0001250000059371814, 0.0001250000059371814, 6.25000029685907e-05, 6.25000029685907e-05, 6.25000029685907e-05]}